"Data Source","World Development Indicators",

"Last Updated Date","2018-11-14",

"Country Name","Country Code","Indicator Name","Indicator Code","1960","1961","1962","1963","1964","1965","1966","1967","1968","1969","1970","1971","1972","1973","1974","1975","1976","1977","1978","1979","1980","1981","1982","1983","1984","1985","1986","1987","1988","1989","1990","1991","1992","1993","1994","1995","1996","1997","1998","1999","2000","2001","2002","2003","2004","2005","2006","2007","2008","2009","2010","2011","2012","2013","2014","2015","2016","2017",
"Aruba","ABW","Contraceptive prevalence, modern methods (% of women ages 15-49)","SP.DYN.CONM.ZS","","","","","","","","","","","","","","","","","","","","","","","","","","","","","","","","","","","","","","","","","","","","","","","","","","","","","","","","","","",
"Afghanistan","AFG","Contraceptive prevalence, modern methods (% of women ages 15-49)","SP.DYN.CONM.ZS","","","","","","","","","","","","","","1.6","1.6","","","","","","","","","","","","","","","","","","","","","","","","","","3.6","","","8.7","","12.5","17.5","","15.2","","19.9","20.3","13.8","","","19.8","","",
"Angola","AGO","Contraceptive prevalence, modern methods (% of women ages 15-49)","SP.DYN.CONM.ZS","","","","","","","","","","","","","","","","","","","","","","","","","","","","","","","","","","","","","4.1","","","","","4.8","","","","","","","","","","","","","","","12.5","",
"Albania","ALB","Contraceptive prevalence, modern methods (% of women ages 15-49)","SP.DYN.CONM.ZS","","","","","","","","","","","","","","","","","","","","","","","","","","","","","","","","","","","","","","","","","17.9","","8","","","25","","","","10.6","","","","","","","","",
"Andorra","AND","Contraceptive prevalence, modern methods (% of women ages 15-49)","SP.DYN.CONM.ZS","","","","","","","","","","","","","","","","","","","","","","","","","","","","","","","","","","","","","","","","","","","","","","","","","","","","","","","","","","",
"Arab World","ARB","Contraceptive prevalence, modern methods (% of women ages 15-49)","SP.DYN.CONM.ZS","","","","","","","","","","","","","","","","","","","","","","","","","","","","","","","31.2766546604268","","","","","","","","","","40.7094362316551","","","","","","","","","","","","","","41.6207451124715","","","",
"United Arab Emirates","ARE","Contraceptive prevalence, modern methods (% of women ages 15-49)","SP.DYN.CONM.ZS","","","","","","","","","","","","","","","","","","","","","","","","","","","","","","","","","","","","23.6","","","","","","","","","","","","","","","","","","","","","","",
"Argentina","ARG","Contraceptive prevalence, modern methods (% of women ages 15-49)","SP.DYN.CONM.ZS","","","","","","","","","","","","","","","","","","","","","","","","","","","","","","","","","","","","","","","","","","63.8","","","","69.9","","","","","","","53.5","78.2","","","","",
"Armenia","ARM","Contraceptive prevalence, modern methods (% of women ages 15-49)","SP.DYN.CONM.ZS","","","","","","","","","","","","","","","","","","","","","","","","","","","","","","","","25.2","","","","","","","","","22.3","","","","","19.5","","","","","26.8","","","","","","28","",
"American Samoa","ASM","Contraceptive prevalence, modern methods (% of women ages 15-49)","SP.DYN.CONM.ZS","","","","","","","","","","","","","","","","","","","","","","","","","","","","","","","","","","","","","","","","","","","","","","","","","","","","","","","","","","",
"Antigua and Barbuda","ATG","Contraceptive prevalence, modern methods (% of women ages 15-49)","SP.DYN.CONM.ZS","","","","","","","","","","","","","","","","","","","","","","44.6","","","","","","","50.6","","","","","","","","","","","","","","","","","","","","","","","","","","","","","",
"Australia","AUS","Contraceptive prevalence, modern methods (% of women ages 15-49)","SP.DYN.CONM.ZS","","","","","","","","","","","","","","","","","","","","","","","","","","","72.2","","","","","","","","","63.9","","","","","","","70.8","","","68.1","63.1","","","59.2","","","65.1","","","","64.6","",
"Austria","AUT","Contraceptive prevalence, modern methods (% of women ages 15-49)","SP.DYN.CONM.ZS","","","","","","","","","","","","","","","","","","","","","","","","","","","","","","","","","","","","","46.8","","","","","","","","","","","","","67.6","","","","63","","","","",
"Azerbaijan","AZE","Contraceptive prevalence, modern methods (% of women ages 15-49)","SP.DYN.CONM.ZS","","","","","","","","","","","","","","","","","","","","","","","","","","","","","","","","","","","","","","","","","16.7","11.9","","","","","14.3","","","","","","","","","","","",
"Burundi","BDI","Contraceptive prevalence, modern methods (% of women ages 15-49)","SP.DYN.CONM.ZS","","","","","","","","","","","","","","","","","","","","","","","","","","","","1.2","","","","","","","","","","","","","12.2","","8.5","","","7.9","","","","19.6","17.7","17.7","30","","","","","22.9",
"Belgium","BEL","Contraceptive prevalence, modern methods (% of women ages 15-49)","SP.DYN.CONM.ZS","","","","","","","10.8","","","","","","","","","","47.9","","","","","","","63.2","","","","","","","","","74.3","","","","","54.8","","","","74","","","72.9","","","","","69.1","69.1","","","65.9","","","","",
"Benin","BEN","Contraceptive prevalence, modern methods (% of women ages 15-49)","SP.DYN.CONM.ZS","","","","","","","","","","","","","","","","","","","","","","","0.7","","","","","","","","","","","","","","3.4","","","","","7.2","","","","","6.1","","","","","","7.9","","12.5","","","",
"Burkina Faso","BFA","Contraceptive prevalence, modern methods (% of women ages 15-49)","SP.DYN.CONM.ZS","","","","","","","","","","","","","","","","","","","","","","","","","","","","","","","","","","4.2","","","","","","4.8","","","","8.7","","","14.4","","","","15","15","","","17.9","20","24.2","24.5",
"Bangladesh","BGD","Contraceptive prevalence, modern methods (% of women ages 15-49)","SP.DYN.CONM.ZS","","","","","","","","","","","","","","","","","5","","","","8.9","11","","","13.7","","18.4","","","24.4","","31.2","","","36.6","","","42.1","","","44","","","","47.6","","","47.5","","","","52.1","","59.3","54.1","","","",
"Bulgaria","BGR","Contraceptive prevalence, modern methods (% of women ages 15-49)","SP.DYN.CONM.ZS","","","","","","","","","","","","","","","","","6","","","","","","","","","","","","","","","","","","","45.6","","","39.6","","","","","","","36.8","","40.1","","","","","","","","","","",
"Bahrain","BHR","Contraceptive prevalence, modern methods (% of women ages 15-49)","SP.DYN.CONM.ZS","","","","","","","","","","","","","","","","","","","","","","","","","","","","","","30.3","","","","","","30.6","","","","","","","","","","","","","","","","","","","","","","",
"Bahamas, The","BHS","Contraceptive prevalence, modern methods (% of women ages 15-49)","SP.DYN.CONM.ZS","","","","","","","","","","","","","","","","","","","","","","","","","","","","","60.1","","","","","","","","","","","","","","","","","","","","","","","","","","","","","",
"Bosnia and Herzegovina","BIH","Contraceptive prevalence, modern methods (% of women ages 15-49)","SP.DYN.CONM.ZS","","","","","","","","","","","3.1","","","","","","","","","","","","","","","","","","","","","","","","","","","","","","16.2","","","","","","11.3","","","","","","12","","","","","",
"Belarus","BLR","Contraceptive prevalence, modern methods (% of women ages 15-49)","SP.DYN.CONM.ZS","","","","","","","","","","","","","","","","","","","","","","","","","","","","","","","","","","","","42.1","","","","","","","","","","56.5","","","","","","","52","","","","","",
"Belize","BLZ","Contraceptive prevalence, modern methods (% of women ages 15-49)","SP.DYN.CONM.ZS","","","","","","","","","","","","","","","","","","","","","","","","","","","","","","","","41.8","","","","","","","","49.3","","","","","","","31.5","","","","","52","","","","48.5","","",
"Bermuda","BMU","Contraceptive prevalence, modern methods (% of women ages 15-49)","SP.DYN.CONM.ZS","","","","","","","","","","","","","","","","","","","","","","","","","","","","","","","","","","","","","","","","","","","","","","","","","","","","","","","","","","",
"Bolivia","BOL","Contraceptive prevalence, modern methods (% of women ages 15-49)","SP.DYN.CONM.ZS","","","","","","","","","","","","","","","","","","","","","","","","9.9","","","","","","12.2","","","","","17.7","","","","25.2","","30.5","","","34.9","34.9","","","","34.6","","","","","","","","45.1","",
"Brazil","BRA","Contraceptive prevalence, modern methods (% of women ages 15-49)","SP.DYN.CONM.ZS","","","","","","","","","","","","","","","","","","","","","","","","","","","56.5","","","","","","","","","","70.3","","","","","","","","","","77.1","77.1","","","","","","77.7","","","","",
"Barbados","BRB","Contraceptive prevalence, modern methods (% of women ages 15-49)","SP.DYN.CONM.ZS","","","","","","","","","","","","","","","","","","","","","","44.7","","","","","","","53.3","","","","","","","","","","","","","","","","","","","","","","","","55.4","","","","","",
"Brunei Darussalam","BRN","Contraceptive prevalence, modern methods (% of women ages 15-49)","SP.DYN.CONM.ZS","","","","","","","","","","","","","","","","","","","","","","","","","","","","","","","","","","","","","","","","","","","","","","","","","","","","","","","","","","",
"Bhutan","BTN","Contraceptive prevalence, modern methods (% of women ages 15-49)","SP.DYN.CONM.ZS","","","","","","","","","","","","","","","","","","","","","","","","","","","","","","","","","","","18.8","","","","","","30.7","","","","","","","35.4","","","65.4","","","","","","","",
"Botswana","BWA","Contraceptive prevalence, modern methods (% of women ages 15-49)","SP.DYN.CONM.ZS","","","","","","","","","","","","","","","","","","","","","","","","","18.6","","","","31.7","","","","","","","","","","","","42.1","","","","","","","","51.2","","","","","","","","","",
"Central African Republic","CAF","Contraceptive prevalence, modern methods (% of women ages 15-49)","SP.DYN.CONM.ZS","","","","","","","","","","","","","","","","","","","","","","","","","","","","","","","","","","","","3.2","","","","","11.7","","","","","","11.2","","","","","12.1","","","","","","",
"Canada","CAN","Contraceptive prevalence, modern methods (% of women ages 15-49)","SP.DYN.CONM.ZS","","","","","","","","","","","","","","","","","","","","","","","","","69.7","","","","","","","","","","","73.3","","","76","","","","72","","","","","","","","","","","","","","","",
"Central Europe and the Baltics","CEB","Contraceptive prevalence, modern methods (% of women ages 15-49)","SP.DYN.CONM.ZS","","","","","","","","","","","","","","","","","","","","","","","","","","","","","","","","","","","","","","","","","","","","","","","","","","","","","","","","","","",
"Switzerland","CHE","Contraceptive prevalence, modern methods (% of women ages 15-49)","SP.DYN.CONM.ZS","","","","","","","","","","","","","","","","","","","","","64.9","","","","","","","","","","","","","","","77.5","","","","","","","","","","","","","","","","","69.2","","","","","",
"Channel Islands","CHI","Contraceptive prevalence, modern methods (% of women ages 15-49)","SP.DYN.CONM.ZS","","","","","","","","","","","","","","","","","","","","","","","","","","","","","","","","","","","","","","","","","","","","","","","","","","","","","","","","","","",
"Chile","CHL","Contraceptive prevalence, modern methods (% of women ages 15-49)","SP.DYN.CONM.ZS","","","","","","","","","","","","","","","","","","","","","","","","","","","","","","","","","","","","","","","","","","57.9","","","","","64.2","","","","","","","","","","69.8","",
"China","CHN","Contraceptive prevalence, modern methods (% of women ages 15-49)","SP.DYN.CONM.ZS","","","","","","","","","","","","","","","","","","","","","","","66.7","","","","","","69.9","","","","83.7","","","","","83.3","","","","86.2","","","","","84","","","","","","","","","","","",
"Cote d'Ivoire","CIV","Contraceptive prevalence, modern methods (% of women ages 15-49)","SP.DYN.CONM.ZS","","","","","","","","","","","","","","","","","","","","","","0.5","","","","","","","","","","","","","4.3","","","","","7.3","","","","","","","9.3","","","","","","12.5","","","","14.3","",
"Cameroon","CMR","Contraceptive prevalence, modern methods (% of women ages 15-49)","SP.DYN.CONM.ZS","","","","","","","","","","","","","","","","","","","0.6","","","","","","","","","","","","","4.3","","","","","","","7.1","","11.1","","","","13.1","","15.2","","","","","14.4","","","21","","","",
"Congo, Dem. Rep.","COD","Contraceptive prevalence, modern methods (% of women ages 15-49)","SP.DYN.CONM.ZS","","","","","","","","","","","","","","","","","","","","","","","","4.4","4.4","","","","","","","2.3","","","","","","","","","","10.2","","","","","","5.8","","","7.7","","","","7.8","","","",
"Congo, Rep.","COG","Contraceptive prevalence, modern methods (% of women ages 15-49)","SP.DYN.CONM.ZS","","","","","","","","","","","","","","","","","","","","","","","","","","","","","","","","","","","","","","","","","","","","","","13.7","","","","","","","20","","","18.5","","",
"Colombia","COL","Contraceptive prevalence, modern methods (% of women ages 15-49)","SP.DYN.CONM.ZS","","","","","","","","","","8.9","","","","","","","30.4","","37.3","","41","","","","","","52.5","","","","54.7","","","","","59.3","","","","","64","","","","","68.2","","","","","72.9","","","","","75.9","","",
"Comoros","COM","Contraceptive prevalence, modern methods (% of women ages 15-49)","SP.DYN.CONM.ZS","","","","","","","","","","","","","","","","","","","","","","","","","","","","","","","","","","","","","11.4","","","","20.9","","","","","","","","","","","","14.2","","","","","",
"Cabo Verde","CPV","Contraceptive prevalence, modern methods (% of women ages 15-49)","SP.DYN.CONM.ZS","","","","","","","","","","","","","","","","","","","","","","","","","","","","","","19","","","","","","","","","46","","","","","","","57.1","","","","","","","","","","","","",
"Costa Rica","CRI","Contraceptive prevalence, modern methods (% of women ages 15-49)","SP.DYN.CONM.ZS","","","","","","","","","","","","","","","","","53.5","","54.9","","","55.9","","","","","58.2","","","","","","","64.6","","","","","","71.5","","","","","","","","","","76.4","79.9","74.7","","","","","","",
"Caribbean small states","CSS","Contraceptive prevalence, modern methods (% of women ages 15-49)","SP.DYN.CONM.ZS","","","","","","","","","","","","","","","","","","","","","","","","","","","","","","","48.5199762888473","","","","","","","","","","","","","","","","","","","","","","","","53.6908867616495","","","",
"Cuba","CUB","Contraceptive prevalence, modern methods (% of women ages 15-49)","SP.DYN.CONM.ZS","","","","","","","","","","","","","","","","","","","","","","","","","","","","67","","","","","","","","","","","","","72.2","","","","","","71.6","","","","","73.2","","","72.2","","","",
"Curacao","CUW","Contraceptive prevalence, modern methods (% of women ages 15-49)","SP.DYN.CONM.ZS","","","","","","","","","","","","","","","","","","","","","","","","","","","","","","","","","","","","","","","","","","","","","","","","","","","","","","","","","","",
"Cayman Islands","CYM","Contraceptive prevalence, modern methods (% of women ages 15-49)","SP.DYN.CONM.ZS","","","","","","","","","","","","","","","","","","","","","","","","","","","","","","","","","","","","","","","","","","","","","","","","","","","","","","","","","","",
"Cyprus","CYP","Contraceptive prevalence, modern methods (% of women ages 15-49)","SP.DYN.CONM.ZS","","","","","","","","","","","","","","","","","","","","","","","","","","","","","","","","","","","","","","","","","","","","","","","","","","","","","","","","","","",
"Czech Republic","CZE","Contraceptive prevalence, modern methods (% of women ages 15-49)","SP.DYN.CONM.ZS","","","","","","","","","","","24.3","","","","","","","49.3","","","","","","","","","","","","","","53","","44.9","","","","62.6","","","","","","","","69.9","","","77.6","","","","","","","","","",
"Germany","DEU","Contraceptive prevalence, modern methods (% of women ages 15-49)","SP.DYN.CONM.ZS","","","","","","","","","","","","","","","","","","","","","","","","","","67.6","","","","","","","65.6","","","","","","","","","","","","","61.6","","","49.2","","","68.6","","","","","","",
"Djibouti","DJI","Contraceptive prevalence, modern methods (% of women ages 15-49)","SP.DYN.CONM.ZS","","","","","","","","","","","","","","","","","","","","","","","","","","","","","","","","","","","","","","","","","","","5.8","","","","17.1","","","","","","18","","","","","",
"Dominica","DMA","Contraceptive prevalence, modern methods (% of women ages 15-49)","SP.DYN.CONM.ZS","","","","","","","","","","","","","","","","","","","","","","","57.5","","","","","47.9","","","","","","","","","","","","","","","","","","","","","","","","","","","","","","",
"Denmark","DNK","Contraceptive prevalence, modern methods (% of women ages 15-49)","SP.DYN.CONM.ZS","","","","","","","","","","","54","","","","","59.9","","","","","","","","","","","","","72","","","","","","","","","","","","","","","","","","","","","","","","","","","","","",
"Dominican Republic","DOM","Contraceptive prevalence, modern methods (% of women ages 15-49)","SP.DYN.CONM.ZS","","","","","","","","","","","","","","","","26","","","","","35","","","41.8","","","46.5","","","","","51.7","","","","","59.2","","","64.2","62.8","","65.8","","","","60","70","","","71.1","","","68.6","68","","","",
"Algeria","DZA","Contraceptive prevalence, modern methods (% of women ages 15-49)","SP.DYN.CONM.ZS","","","","","","","","","","","","","","","","","","","","","","","","","","","","31.3","","","","","43.2","","","49.4","","","","","55","","51.8","","","","53.9","","","","","","48","49.5","","","","",
"East Asia & Pacific (excluding high income)","EAP","Contraceptive prevalence, modern methods (% of women ages 15-49)","SP.DYN.CONM.ZS","","","","","","","","","","","","","","","","","","","","","","","","","","","","","","","74.0433982600253","","","","","","","","","","76.1134666654945","","","","","","","","","","","","","","","","","",
"Early-demographic dividend","EAR","Contraceptive prevalence, modern methods (% of women ages 15-49)","SP.DYN.CONM.ZS","","","","","","","","","","","","","","","","","","","","","","","","","","","","","","","36.4793179469619","","","","","","","","","","42.293144914801","","","","","","","","","","","","","","48.6337326006539","","","",
"East Asia & Pacific","EAS","Contraceptive prevalence, modern methods (% of women ages 15-49)","SP.DYN.CONM.ZS","","","","","","","","","","","","","","","","","","","","","","","","","","","","","","","72.3953078390214","","","","","","","","","","74.3845417494604","","","","","","","","","","","","","","","","","",
"Europe & Central Asia (excluding high income)","ECA","Contraceptive prevalence, modern methods (% of women ages 15-49)","SP.DYN.CONM.ZS","","","","","","","","","","","","","","","","","","","","","","","","","","","","","","","","","","","","","","","","","","","","","","","","","","","","","","","48.4812416467287","","","",
"Europe & Central Asia","ECS","Contraceptive prevalence, modern methods (% of women ages 15-49)","SP.DYN.CONM.ZS","","","","","","","","","","","","","","","","","","","","","","","","","","","","","","","","","","","","","","","","","","","","","","","","","","","","","","","58.0105834756171","","","",
"Ecuador","ECU","Contraceptive prevalence, modern methods (% of women ages 15-49)","SP.DYN.CONM.ZS","","","","","","","","","","","","","","","","","","","","25.8","","","32.9","","","","","35.8","","41.6","","","","","45.9","","","","","51.4","","","","","58.7","","","","","","","","71.7","","","","","",
"Egypt, Arab Rep.","EGY","Contraceptive prevalence, modern methods (% of women ages 15-49)","SP.DYN.CONM.ZS","","","","","","","","","","","","","","","","22.4","","","","","29.7","","","","28.7","","","","35.5","35.4","","44.3","44.8","","","45.5","45.5","51.8","51.8","","53.9","","","56.6","","56.5","","","57.6","","","","","","56.9","","","",
"Euro area","EMU","Contraceptive prevalence, modern methods (% of women ages 15-49)","SP.DYN.CONM.ZS","","","","","","","","","","","","","","","","","","","","","","","","","","","","","","","","","","","","","","","","","","","","","","","","","","","","","","","66.4066179642687","","","",
"Eritrea","ERI","Contraceptive prevalence, modern methods (% of women ages 15-49)","SP.DYN.CONM.ZS","","","","","","","","","","","","","","","","","","","","","","","","","","","","","","","","","","","","4","4","","","","","","7.3","","","","","","","","7","","","","","","","",
"Spain","ESP","Contraceptive prevalence, modern methods (% of women ages 15-49)","SP.DYN.CONM.ZS","","","","","","","","","","","","","","","","","","18.6","","","","","","","","38","","","","","","","","","","67.4","","","","66","","","","","","","62.3","","","","","","","","71.7","","69.9","",
"Estonia","EST","Contraceptive prevalence, modern methods (% of women ages 15-49)","SP.DYN.CONM.ZS","","","","","","","","","","","","","","","","","","","","","","","","","","","","","","","","","","","56.4","","","","","","","","","","","57.9","","","","","","","","","","","","",
"Ethiopia","ETH","Contraceptive prevalence, modern methods (% of women ages 15-49)","SP.DYN.CONM.ZS","","","","","","","","","","","","","","","","","","","","","","","","","","","","","","","2.9","","","","","","","2.8","","","6.3","","","","","13.9","","","","","","27.3","","","40.4","35.9","35.1","35.2",
"European Union","EUU","Contraceptive prevalence, modern methods (% of women ages 15-49)","SP.DYN.CONM.ZS","","","","","","","","","","","","","","","","","","","","","","","","","","","","","","","","","","","","","","","","","","","","","","","","","","","","","","","66.4291374130164","","","",
"Fragile and conflict affected situations","FCS","Contraceptive prevalence, modern methods (% of women ages 15-49)","SP.DYN.CONM.ZS","","","","","","","","","","","","","","","","","","","","","","","","","","","","","","","","","","","","","","","","","19.9137651019053","","","","","","","","","","","","","","25.6064853285667","","","",
"Finland","FIN","Contraceptive prevalence, modern methods (% of women ages 15-49)","SP.DYN.CONM.ZS","","","","","","","","","","","","53.9","","","","","","77.2","","","","","","","","","","","","","75.4","","75.5","","","","","","","72.8","","","","","","","","68.9","","","","","","","","81.6","","",
"Fiji","FJI","Contraceptive prevalence, modern methods (% of women ages 15-49)","SP.DYN.CONM.ZS","","","","","","","","","","","","","","","35.1","","","","","","","","","","","","","","","","","","","","","","","","","","","","","","","","","","","","","","","","","","","",
"France","FRA","Contraceptive prevalence, modern methods (% of women ages 15-49)","SP.DYN.CONM.ZS","","","","","","","","","","","","20.9","","","","","","","47.6","","","","","","","","","","66.6","","","","","","69.3","","","","","","76.5","","","","","74.8","","","74.1","","","72.7","","","","","","",
"Faroe Islands","FRO","Contraceptive prevalence, modern methods (% of women ages 15-49)","SP.DYN.CONM.ZS","","","","","","","","","","","","","","","","","","","","","","","","","","","","","","","","","","","","","","","","","","","","","","","","","","","","","","","","","","",
"Micronesia, Fed. Sts.","FSM","Contraceptive prevalence, modern methods (% of women ages 15-49)","SP.DYN.CONM.ZS","","","","","","","","","","","","","","","","","","","","","","","","","","","","","","","","","","","","","","","","","","","","","","","","","","","","","","","","","","",
"Gabon","GAB","Contraceptive prevalence, modern methods (% of women ages 15-49)","SP.DYN.CONM.ZS","","","","","","","","","","","","","","","","","","","","","","","","","","","","","","","","","","","","","","","","","13.4","","","","","","","","","","","","19.4","","","","","",
"United Kingdom","GBR","Contraceptive prevalence, modern methods (% of women ages 15-49)","SP.DYN.CONM.ZS","","","","","","","","","","","","","","","","","","","","","","","","","","","78","","","66","","70","","82","","80","80","74","81","82","76","80","82","80","84","79","82","84","82","84","","","","","","","","",
"Georgia","GEO","Contraceptive prevalence, modern methods (% of women ages 15-49)","SP.DYN.CONM.ZS","","","","","","","","","","","","","","","","","","","","","","","","","","","","","","","","","","","","","","","","","19.8","","","","","26.6","31.1","","","26.7","34.7","","","","","","","",
"Ghana","GHA","Contraceptive prevalence, modern methods (% of women ages 15-49)","SP.DYN.CONM.ZS","","","","","","","","","","","","","","","","","","","","","5.5","","","","","","","","5.2","","","","7.2","10.1","10.1","","","","13.3","13.3","","","","18.7","","","14","","16.6","","","24.9","","18.2","22.2","28.6","25.6","27.4",
"Gibraltar","GIB","Contraceptive prevalence, modern methods (% of women ages 15-49)","SP.DYN.CONM.ZS","","","","","","","","","","","","","","","","","","","","","","","","","","","","","","","","","","","","","","","","","","","","","","","","","","","","","","","","","","",
"Guinea","GIN","Contraceptive prevalence, modern methods (% of women ages 15-49)","SP.DYN.CONM.ZS","","","","","","","","","","","","","","","","","","","","","","","","","","","","","","","","","1","1","","","","","","4.2","","","","","","5.7","","","","","","","4.6","","","","7.8","",
"Gambia, The","GMB","Contraceptive prevalence, modern methods (% of women ages 15-49)","SP.DYN.CONM.ZS","","","","","","","","","","","","","","","","","","","","","","","","","","","","","","","6.7","","","","","","","","","","8.7","12.7","","","","","","","","","11.9","","","8.1","","","","",
"Guinea-Bissau","GNB","Contraceptive prevalence, modern methods (% of women ages 15-49)","SP.DYN.CONM.ZS","","","","","","","","","","","","","","","","","","","","","","","","","","","","","","","","","","","","","","","","","4.5","","","","","","9.6","","","","13.1","","","","14.4","","","",
"Equatorial Guinea","GNQ","Contraceptive prevalence, modern methods (% of women ages 15-49)","SP.DYN.CONM.ZS","","","","","","","","","","","","","","","","","","","","","","","","","","","","","","","","","","","","","","","","","6.5","","","","","","","","","","","9.5","","","","","","",
"Greece","GRC","Contraceptive prevalence, modern methods (% of women ages 15-49)","SP.DYN.CONM.ZS","","","","","","","","","","","","","","","","","","","","","","","","31.6","","","","","","","","","","","","","","","","33.6","","45.9","","","","","","","","","","","","","","","","",
"Grenada","GRD","Contraceptive prevalence, modern methods (% of women ages 15-49)","SP.DYN.CONM.ZS","","","","","","","","","","","","","","","","","","","","","","","","","","27.3","","","","","52.1","","","","","","","","","","","","","","","","","","","","","","","","","","","",
"Greenland","GRL","Contraceptive prevalence, modern methods (% of women ages 15-49)","SP.DYN.CONM.ZS","","","","","","","","","","","","","","","","","","","","","","","","","","","","","","","","","","","","","","","","","","","","","","","","","","","","","","","","","","",
"Guatemala","GTM","Contraceptive prevalence, modern methods (% of women ages 15-49)","SP.DYN.CONM.ZS","","","","","","","","","","","","","","","","","","","15.2","","","","","20.6","","","","19.1","","","","","","","","26.9","","","","30.9","","","34.5","","","","","","","44","","","","","","48.9","","",
"Guam","GUM","Contraceptive prevalence, modern methods (% of women ages 15-49)","SP.DYN.CONM.ZS","","","","","","","","","","","","","","","","","","","","","","","","","","","","","","","","","","","","","","","","","","","58.3","","","","","","","","","","","","","","","",
"Guyana","GUY","Contraceptive prevalence, modern methods (% of women ages 15-49)","SP.DYN.CONM.ZS","","","","","","","","","","","","","","","","23.4","","","","","","","","","","","","","","","","","36.9","","","","","","","","36.3","","","","","33.6","","33","","40","","","","","32.5","","","",
"High income","HIC","Contraceptive prevalence, modern methods (% of women ages 15-49)","SP.DYN.CONM.ZS","","","","","","","","","","","","","","","","","","","","","","","","","","","","","","","62.3573197064963","","","","","","","","","","65.912039484608","","","","","","","","","","","","","","61.0278856392272","","","",
"Hong Kong SAR, China","HKG","Contraceptive prevalence, modern methods (% of women ages 15-49)","SP.DYN.CONM.ZS","","","","","","","","","","","","","43.3","","","","","64","","","","","63.9","","","","","75","","","","","79.7","","","","","80.9","","","","","81.3","","","","","75.4","","","","","71.9","","","","","",
"Honduras","HND","Contraceptive prevalence, modern methods (% of women ages 15-49)","SP.DYN.CONM.ZS","","","","","","","","","","","","","","","","","","","","","","23.6","","","30.4","","","32.9","","","","","34.7","","","","40.3","","","","","50.9","","","","","56.3","","","","","","63.8","","","","","",
"Heavily indebted poor countries (HIPC)","HPC","Contraceptive prevalence, modern methods (% of women ages 15-49)","SP.DYN.CONM.ZS","","","","","","","","","","","","","","","","","","","","","","","","","","","","","","","5.55663453191561","","","","","","","","","","12.2896429745157","","","","","","","","","","","","","","26.0571541606526","","","",
"Croatia","HRV","Contraceptive prevalence, modern methods (% of women ages 15-49)","SP.DYN.CONM.ZS","","","","","","","","","","","7","","","","","","","","","","","","","","","","","","","","","","","","","","","","","","","","","","","","","","","","","","","","","","","",
"Haiti","HTI","Contraceptive prevalence, modern methods (% of women ages 15-49)","SP.DYN.CONM.ZS","","","","","","","","","","","","","","","","","","5.4","","","","","","3.9","","","","5","","9.4","","","","","","13.2","","","","","22.9","","","","","","24.8","","","","","","31.3","","","","","31.8",
"Hungary","HUN","Contraceptive prevalence, modern methods (% of women ages 15-49)","SP.DYN.CONM.ZS","","","","","","","18.5","","","31","","","40","","44","52","","52.2","","","","","","","","","62.3","","","","","","","71.3","","","","","","","","","","","","","","","","54","","","","","","","","",
"IBRD only","IBD","Contraceptive prevalence, modern methods (% of women ages 15-49)","SP.DYN.CONM.ZS","","","","","","","","","","","","","","","","","","","","","","","","","","","","","","","59.5005341546979","","","","","","","","","","61.8318690455365","","","","","","","","","","","","","","53.9805330395697","","","",
"IDA & IBRD total","IBT","Contraceptive prevalence, modern methods (% of women ages 15-49)","SP.DYN.CONM.ZS","","","","","","","","","","","","","","","","","","","","","","","","","","","","","","","51.2894936925698","","","","","","","","","","53.5194794703678","","","","","","","","","","","","","","47.1091732233551","","","",
"IDA total","IDA","Contraceptive prevalence, modern methods (% of women ages 15-49)","SP.DYN.CONM.ZS","","","","","","","","","","","","","","","","","","","","","","","","","","","","","","","11.9855478088279","","","","","","","","","","22.171359586513","","","","","","","","","","","","","","31.0891398656077","","","",
"IDA blend","IDB","Contraceptive prevalence, modern methods (% of women ages 15-49)","SP.DYN.CONM.ZS","","","","","","","","","","","","","","","","","","","","","","","","","","","","","","","8.73716231211413","","","","","","","","","","21.990968874557","","","","","","","","","","","","","","25.4731212747319","","","",
"Indonesia","IDN","Contraceptive prevalence, modern methods (% of women ages 15-49)","SP.DYN.CONM.ZS","","","","","","","","","","","","","","7.2","","","22.9","","","24.6","","","","","","36.9","","44","","","","47.1","","51.2","52.1","52.5","52.6","54.7","54.2","54.3","53.8","51.8","","56.7","","57.5","56.5","56.1","57.4","58.8","59.5","59.4","57.9","60.9","60.5","60.7","58.2","58.7",
"IDA only","IDX","Contraceptive prevalence, modern methods (% of women ages 15-49)","SP.DYN.CONM.ZS","","","","","","","","","","","","","","","","","","","","","","","","","","","","","","","13.8731170018701","","","","","","","","","","22.2645113058205","","","","","","","","","","","","","","33.6431768149349","","","",
"Isle of Man","IMN","Contraceptive prevalence, modern methods (% of women ages 15-49)","SP.DYN.CONM.ZS","","","","","","","","","","","","","","","","","","","","","","","","","","","","","","","","","","","","","","","","","","","","","","","","","","","","","","","","","","",
"India","IND","Contraceptive prevalence, modern methods (% of women ages 15-49)","SP.DYN.CONM.ZS","","","","","","","","","","","","9.5","","","","","","","","","","28.1","","","","","","","39.9","","","","","36.5","","","","","","42.8","42.3","","","45.7","45.7","","48.5","","48.1","","","","","","","","47.8","",
"Not classified","INX","Contraceptive prevalence, modern methods (% of women ages 15-49)","SP.DYN.CONM.ZS","","","","","","","","","","","","","","","","","","","","","","","","","","","","","","","","","","","","","","","","","","","","","","","","","","","","","","","","","","",
"Ireland","IRL","Contraceptive prevalence, modern methods (% of women ages 15-49)","SP.DYN.CONM.ZS","","","","","","","","","","","","","","","","","","","","","","","","","","","","","","","","","","","","","","","67.6","","","","66","","","61.4","","","","","","","","","","","","",
"Iran, Islamic Rep.","IRN","Contraceptive prevalence, modern methods (% of women ages 15-49)","SP.DYN.CONM.ZS","","","","","","","","","","","","","","","","","","25.9","","","","","","","","","","","","30.5","","","44.6","49.2","51.1","53.6","56.1","56","","","56","","58.9","","","","","","","","","57","","","","","","",
"Iraq","IRQ","Contraceptive prevalence, modern methods (% of women ages 15-49)","SP.DYN.CONM.ZS","","","","","","","","","","","","","","","12.9","","","","","","","","","","","","","","","10.4","","","","","","","","","","","34","","","","","","39.9","","","","","35.9","","","","","","",
"Iceland","ISL","Contraceptive prevalence, modern methods (% of women ages 15-49)","SP.DYN.CONM.ZS","","","","","","","","","","","","","","","","","","","","","","","","","","","","","","","","","","","","","","","","","","","","","","","","","","","","","","","","","","",
"Israel","ISR","Contraceptive prevalence, modern methods (% of women ages 15-49)","SP.DYN.CONM.ZS","","","","","","","","","","","","","","","","","","","","","","","","","","","","","51.9","","","","","","","","","","","","","","","","","","","","","","","","","","","","","",
"Italy","ITA","Contraceptive prevalence, modern methods (% of women ages 15-49)","SP.DYN.CONM.ZS","","","","","","","","","","","","","","","","","","","","32.7","","","","","","","","","","","","","","","","","40.6","","","","","","","","","","","","","","","","","51.8","","","","",
"Jamaica","JAM","Contraceptive prevalence, modern methods (% of women ages 15-49)","SP.DYN.CONM.ZS","","","","","","","","","","","","","","","","","36.2","","","54.2","","","","48.4","","","","","","50.9","","","","58.3","","","","62.6","","","","","","66.2","","","","","","68.4","","","","","","","","",
"Jordan","JOR","Contraceptive prevalence, modern methods (% of women ages 15-49)","SP.DYN.CONM.ZS","","","","","","","","","","","","","17.6","","","","17.4","","","","","","","20.8","","","","","","","26.9","","","","","","","37.7","","","","","41.2","","","","","41.9","","42","","","42.3","","","","","",
"Japan","JPN","Contraceptive prevalence, modern methods (% of women ages 15-49)","SP.DYN.CONM.ZS","","39.2","","43.8","","54.1","","49.1","","52.1","","52.6","","59.3","","60.5","","60.4","","62.2","","","","","57.3","","62.7","56.6","51.7","","52.5","","57","","52.8","","50.6","50.7","48","","48.3","","","","44.4","44.4","","","","","","","","","39","34.4","","",
"Kazakhstan","KAZ","Contraceptive prevalence, modern methods (% of women ages 15-49)","SP.DYN.CONM.ZS","","","","","","","","","","","","","","","","","","","","","","","","","","","","","","","","","","","","46.1","","","","52.8","","","","","","","49.4","","","","","49.8","","","","53.6","","",
"Kenya","KEN","Contraceptive prevalence, modern methods (% of women ages 15-49)","SP.DYN.CONM.ZS","","","","","","","","","","","","","","","","","","","4.4","","","","","","9.7","","","","","17.9","","","","27.3","","","","","31.5","","","","","31.5","","","","","","39.4","","","","","53.2","62.6","59.9","",
"Kyrgyz Republic","KGZ","Contraceptive prevalence, modern methods (% of women ages 15-49)","SP.DYN.CONM.ZS","","","","","","","","","","","","","","","","","","","","","","","","","","","","","","","","","","","","","","48.9","","","","","","","","","45.8","","","","","","33.7","","40","","","",
"Cambodia","KHM","Contraceptive prevalence, modern methods (% of women ages 15-49)","SP.DYN.CONM.ZS","","","","","","","","","","","","","","","","","","","","","","","","","","","","","","","","","","","","6.9","","","16.1","","18.8","","","","","27.2","27.2","","","","34.9","34.9","","","38.8","","","",
"Kiribati","KIR","Contraceptive prevalence, modern methods (% of women ages 15-49)","SP.DYN.CONM.ZS","","","","","","","","","","","","","","","","","","","","","","","","","","","","","","","","","","","","","","","","","31.1","","","","","","","","","18","","","","","","","","",
"St. Kitts and Nevis","KNA","Contraceptive prevalence, modern methods (% of women ages 15-49)","SP.DYN.CONM.ZS","","","","","","","","","","","","","","","","","","","","","","","","","37","","","","","","","","","","","","","","","","","","","","","","","","","","","","","","","","","",
"Korea, Rep.","KOR","Contraceptive prevalence, modern methods (% of women ages 15-49)","SP.DYN.CONM.ZS","","","","","","14","15","","","","","20.3","","","27","","32.9","","","43.1","","","47.4","","","59.4","","","70.1","","","69.5","","","66.8","","","69.5","","","68.3","","","69.5","","","71.6","","","70.1","","","","","","","","",
"Kuwait","KWT","Contraceptive prevalence, modern methods (% of women ages 15-49)","SP.DYN.CONM.ZS","","","","","","","","","","","","","","","","","","","","","","","","","","37.3","","31.7","","","","","","","47.4","","40.9","","","39.3","","","","","","","","","","","","","","","","","","",
"Latin America & Caribbean (excluding high income)","LAC","Contraceptive prevalence, modern methods (% of women ages 15-49)","SP.DYN.CONM.ZS","","","","","","","","","","","","","","","","","","","","","","","","","","","","","","","","","","","","","","","","","","","","","","","","","","","","","","","69.4677005902277","","","",
"Lao PDR","LAO","Contraceptive prevalence, modern methods (% of women ages 15-49)","SP.DYN.CONM.ZS","","","","","","","","","","","","","","","","","","","","","","","","","","","","","","","","","","15.1","","","","","","","28.9","","","","","35","","","","","","","42.7","","","","","",
"Lebanon","LBN","Contraceptive prevalence, modern methods (% of women ages 15-49)","SP.DYN.CONM.ZS","","","","","","","","","","","","23","","","","","","","","","","","","","30.7","","","","","","","","","","","","37.2","","","","40.4","","","","34.2","","","","","46.8","","","","","","","","",
"Liberia","LBR","Contraceptive prevalence, modern methods (% of women ages 15-49)","SP.DYN.CONM.ZS","","","","","","","","","","","","","","","","","","","","","","","","","","","5.5","","","","","","","","","","","","","","","","","","","","","10.3","","","","","","19.1","","","30.7","",
"Libya","LBY","Contraceptive prevalence, modern methods (% of women ages 15-49)","SP.DYN.CONM.ZS","","","","","","","","","","","","","","","","","","","","","","","","","","","","","","","","","","","","25.7","","","","","","","","","","","","20.4","","","","","","","","","","",
"St. Lucia","LCA","Contraceptive prevalence, modern methods (% of women ages 15-49)","SP.DYN.CONM.ZS","","","","","","","","","","","","","","","","","","","","","","50.7","","","","","","","45.9","","","","","","","","","","","","","","","","","","","","","","","","52.5","","","","","",
"Latin America & Caribbean","LCN","Contraceptive prevalence, modern methods (% of women ages 15-49)","SP.DYN.CONM.ZS","","","","","","","","","","","","","","","","","","","","","","","","","","","","","","","","","","","","","","","","","","","","","","","","","","","","","","","69.9746482952788","","","",
"Least developed countries: UN classification","LDC","Contraceptive prevalence, modern methods (% of women ages 15-49)","SP.DYN.CONM.ZS","","","","","","","","","","","","","","","","","","","","","","","","","","","","","","","13.8194529819086","","","","","","","","","","21.3080142926406","","","","","","","","","","","","","","33.0143558792387","","","",
"Low income","LIC","Contraceptive prevalence, modern methods (% of women ages 15-49)","SP.DYN.CONM.ZS","","","","","","","","","","","","","","","","","","","","","","","","","","","","","","","12.1372406238614","","","","","","","","","","17.8350658380796","","","","","","","","","","","","","","29.6374837394777","","","",
"Liechtenstein","LIE","Contraceptive prevalence, modern methods (% of women ages 15-49)","SP.DYN.CONM.ZS","","","","","","","","","","","","","","","","","","","","","","","","","","","","","","","","","","","","","","","","","","","","","","","","","","","","","","","","","","",
"Sri Lanka","LKA","Contraceptive prevalence, modern methods (% of women ages 15-49)","SP.DYN.CONM.ZS","","","","","","","","","","","","","","","","20.2","","26.9","","","","","31.9","","","","","40.6","","","","","","43.7","","","","","","","49.6","","","","","","","52.5","","","","","","","","","51.3","",
"Lower middle income","LMC","Contraceptive prevalence, modern methods (% of women ages 15-49)","SP.DYN.CONM.ZS","","","","","","","","","","","","","","","","","","","","","","","","","","","","","","","34.1236783538751","","","","","","","","","","39.4640067862867","","","","","","","","","","","","","","45.3048425959234","","","",
"Low & middle income","LMY","Contraceptive prevalence, modern methods (% of women ages 15-49)","SP.DYN.CONM.ZS","","","","","","","","","","","","","","","","","","","","","","","","","","","","","","","51.5549774529715","","","","","","","","","","53.4926262981123","","","","","","","","","","","","","","46.9794495036483","","","",
"Lesotho","LSO","Contraceptive prevalence, modern methods (% of women ages 15-49)","SP.DYN.CONM.ZS","","","","","","","","","","","","","","","","","","3.4","","","","","","","","","","","","","","","18.9","","","26.8","","","","","29.5","36.1","34.7","","35.2","35.2","","","","45.6","45.6","","","","59.8","","","",
"Late-demographic dividend","LTE","Contraceptive prevalence, modern methods (% of women ages 15-49)","SP.DYN.CONM.ZS","","","","","","","","","","","","","","","","","","","","","","","","","","","","","","","76.2207472999831","","","","","","","","","","79.8688976338481","","","","","","","","","","","","","","","","","",
"Lithuania","LTU","Contraceptive prevalence, modern methods (% of women ages 15-49)","SP.DYN.CONM.ZS","","","","","","","","","","","","","","","","","","","","","","","","","","","","","","","","","","","","33.2","","","","","","","","","","","50.4","","","","","","","","","","","",
"Luxembourg","LUX","Contraceptive prevalence, modern methods (% of women ages 15-49)","SP.DYN.CONM.ZS","","","","","","","","","","","","","","","","","","","","","","","","","","","","","","","","","","","","","","","","","","","","","","","","","","","","","","","","","","",
"Latvia","LVA","Contraceptive prevalence, modern methods (% of women ages 15-49)","SP.DYN.CONM.ZS","","","","","","","","","","","","","","","","","","","","","","","","","","","","","","","","","","","","55.5","","","","","","","","","","","","","","","","","","","","","","",
"Macao SAR, China","MAC","Contraceptive prevalence, modern methods (% of women ages 15-49)","SP.DYN.CONM.ZS","","","","","","","","","","","","","","","","","","","","","","","","","","","","","","","","","","","","","","","","","","","","","","","","","","","","","","","","","","",
"St. Martin (French part)","MAF","Contraceptive prevalence, modern methods (% of women ages 15-49)","SP.DYN.CONM.ZS","","","","","","","","","","","","","","","","","","","","","","","","","","","","","","","","","","","","","","","","","","","","","","","","","","","","","","","","","","",
"Morocco","MAR","Contraceptive prevalence, modern methods (% of women ages 15-49)","SP.DYN.CONM.ZS","","","","","","","","","","","","","","","","","","","","","16.4","","","","21.2","","","28.9","","","","","35.5","","","42.4","","48.8","","","","","","","54.8","","","","","","","58.6","","","","","","",
"Monaco","MCO","Contraceptive prevalence, modern methods (% of women ages 15-49)","SP.DYN.CONM.ZS","","","","","","","","","","","","","","","","","","","","","","","","","","","","","","","","","","","","","","","","","","","","","","","","","","","","","","","","","","",
"Moldova","MDA","Contraceptive prevalence, modern methods (% of women ages 15-49)","SP.DYN.CONM.ZS","","","","","","","","","","","","","","","","","","","","","","","","","","","","","","","","","","","","","","49.9","","","43.7","","","","","43.8","","","","","","","41.7","","","","","",
"Madagascar","MDG","Contraceptive prevalence, modern methods (% of women ages 15-49)","SP.DYN.CONM.ZS","","","","","","","","","","","","","","","","","","","","","","","","","","","","","","","","","5.1","","","","","9.7","","12.9","12.4","","","","18.3","","","","","29.2","","","","33.3","","","","",
"Maldives","MDV","Contraceptive prevalence, modern methods (% of women ages 15-49)","SP.DYN.CONM.ZS","","","","","","","","","","","","","","","","","","","","","","","","","","","","","","","","19","","","","","","","","33","","","","","34","","","","","27","","","","","","","","",
"Middle East & North Africa","MEA","Contraceptive prevalence, modern methods (% of women ages 15-49)","SP.DYN.CONM.ZS","","","","","","","","","","","","","","","","","","","","","","","","","","","","","","","34.3065143594622","","","","","","","","","","50.4817781889032","","","","","","","","","","","","","","47.9903340607967","","","",
"Mexico","MEX","Contraceptive prevalence, modern methods (% of women ages 15-49)","SP.DYN.CONM.ZS","","","","","","","","","","","","","","","","","","23.3","32.8","32","","","41.5","","","","","44.6","","","","","55.2","","","57.5","","59.5","","","","","","69.3","","","66.5","","","67.4","","","","","68.4","64.6","","",
"Marshall Islands","MHL","Contraceptive prevalence, modern methods (% of women ages 15-49)","SP.DYN.CONM.ZS","","","","","","","","","","","18.1","","","","","","","","","","","","","","","19.4","","","","","","","","","","","","","","","","","","","","","","42.4","","","","","","","","","","",
"Middle income","MIC","Contraceptive prevalence, modern methods (% of women ages 15-49)","SP.DYN.CONM.ZS","","","","","","","","","","","","","","","","","","","","","","","","","","","","","","","54.3026935714124","","","","","","","","","","56.7669344437939","","","","","","","","","","","","","","49.6818004155478","","","",
"Macedonia, FYR","MKD","Contraceptive prevalence, modern methods (% of women ages 15-49)","SP.DYN.CONM.ZS","","","","","","","","","","","3.1","","","","","","","","","","","","","","","","","","","","","","","","","","","","","","","","","","","","","","","","","12.8","","","","","","",
"Mali","MLI","Contraceptive prevalence, modern methods (% of women ages 15-49)","SP.DYN.CONM.ZS","","","","","","","","","","","","","","","","","","","","","","","","","","","","1.3","","","","","","","","","4.5","","","","","6.9","","","","","6.9","","","","","","","9.9","","15.1","","",
"Malta","MLT","Contraceptive prevalence, modern methods (% of women ages 15-49)","SP.DYN.CONM.ZS","","","","","","","","","","","","16","","","","","","","","","","","","","","","","","","","","","","46","","","","","","","","","","","","","","","","","","","","","","","","",
"Myanmar","MMR","Contraceptive prevalence, modern methods (% of women ages 15-49)","SP.DYN.CONM.ZS","","","","","","","","","","","","","","","","","","","","","","","","","","","","","","","","13.6","","","","","","28.3","","","","32.8","","","","","","38.4","","","45.8","","","","","","51.3","",
"Middle East & North Africa (excluding high income)","MNA","Contraceptive prevalence, modern methods (% of women ages 15-49)","SP.DYN.CONM.ZS","","","","","","","","","","","","","","","","","","","","","","","","","","","","","","","34.0740636157159","","","","","","","","","","50.8354630284749","","","","","","","","","","","","","","50.5587235760458","","","",
"Montenegro","MNE","Contraceptive prevalence, modern methods (% of women ages 15-49)","SP.DYN.CONM.ZS","","","","","","","","","","","7","","","","","","","","","","","","","","","","","","","","","","","","","","","","","","30.7","","","","","","17.4","","","","","","","15.4","","","","",
"Mongolia","MNG","Contraceptive prevalence, modern methods (% of women ages 15-49)","SP.DYN.CONM.ZS","","","","","","","","","","","","","","","","","","","","","","","","","","","","","","","","","","","41.2","","","","45.7","","59.1","","","58.4","","61.1","","","49.6","","50.4","","","48.2","","","","",
"Northern Mariana Islands","MNP","Contraceptive prevalence, modern methods (% of women ages 15-49)","SP.DYN.CONM.ZS","","","","","","","","","","","16","","","","","","","","","","","","","","","","","","","","","","","","","","","","","","","","","","","","","","","","","","","","","","","",
"Mozambique","MOZ","Contraceptive prevalence, modern methods (% of women ages 15-49)","SP.DYN.CONM.ZS","","","","","","","","","","","","","","","","","","","","","","","","","","","","","","","","","","","","","","5.1","","","","","","20.8","20.8","","","","14.7","","","11.3","","","","25.3","","",
"Mauritania","MRT","Contraceptive prevalence, modern methods (% of women ages 15-49)","SP.DYN.CONM.ZS","","","","","","","","","","","","","","","","","","","","","","0.3","","","","","","","","","","1.2","","","","","","","","","","5.1","","","","","","8","","","","10.1","","","","15.6","","",
"Mauritius","MUS","Contraceptive prevalence, modern methods (% of women ages 15-49)","SP.DYN.CONM.ZS","","","","","","","","","","","","","","","","29.2","","","","","","","","","","44.2","","","","","","49.2","","","","","","","","","","","39.3","","","","","","","","","","","","32","","","",
"Malawi","MWI","Contraceptive prevalence, modern methods (% of women ages 15-49)","SP.DYN.CONM.ZS","","","","","","","","","","","","","","","","","","","","","","","","","3.2","","","","","","","","7.4","","","","14.4","","","","26.1","","","","28.1","28.1","38.6","","","","42.2","","","","57.4","","58.1","",
"Malaysia","MYS","Contraceptive prevalence, modern methods (% of women ages 15-49)","SP.DYN.CONM.ZS","","","","","","","","6.2","","","","","","","23.7","","","","","","","","","","29.8","","","","31.4","","","","","","30.4","","","","","","","","","","32.3","","","","","","","","","","34.3","","","",
"North America","NAC","Contraceptive prevalence, modern methods (% of women ages 15-49)","SP.DYN.CONM.ZS","","","","","","","","","","","","","","","","","","","","","","","","","","","","","","","66.6","","","","","","","","","","68.4927635836327","","","","","","","","","","","","","","63.1","","","",
"Namibia","NAM","Contraceptive prevalence, modern methods (% of women ages 15-49)","SP.DYN.CONM.ZS","","","","","","","","","","","","","","","","","","","","","","","","","","","","","","32.1","","","26","","","","","","","","42.6","","","","","","","53.5","","","","","","55.3","","","","",
"New Caledonia","NCL","Contraceptive prevalence, modern methods (% of women ages 15-49)","SP.DYN.CONM.ZS","","","","","","","","","","","","","","","","","","","","","","","","","","","","","","","","","","","","","","","","","","","","","","","","","","","","","","","","","","",
"Niger","NER","Contraceptive prevalence, modern methods (% of women ages 15-49)","SP.DYN.CONM.ZS","","","","","","","","","","","","","","","","","","","","","","","","","","","","","","","","","2.3","","","","","","4.6","","11.2","","","","","","9.7","","","","","","12.2","","","","14.4","18.1",
"Nigeria","NGA","Contraceptive prevalence, modern methods (% of women ages 15-49)","SP.DYN.CONM.ZS","","","","","","","","","","","","","","","","","","","","","","","0.9","","","","","","","","3.5","","","","10.9","","","","","8.6","","","","8.2","","","","10.5","9.7","","","9.5","10.5","9.8","","","16","10.8",
"Nicaragua","NIC","Contraceptive prevalence, modern methods (% of women ages 15-49)","SP.DYN.CONM.ZS","","","","","","","","","","","","","","","","","","","","","","22.8","","","","","","","","","","","","44.9","","","","","57.4","","","66.1","","","","","","69.8","","","","","77.4","","","","","",
"Netherlands","NLD","Contraceptive prevalence, modern methods (% of women ages 15-49)","SP.DYN.CONM.ZS","","","","","","","","","","41.6","","","","","","69.1","","65.2","","","","","73.9","","","","","","72","","","","","75.6","","","","","74","","","","","73","","","","","72","","","","","70","","","","",
"Norway","NOR","Contraceptive prevalence, modern methods (% of women ages 15-49)","SP.DYN.CONM.ZS","","","","","","","","","","","","","","","","","","","65.2","","","","","","","","","","","69.2","","","","","","","","","78.3","","","","","","","82.2","","","","","","","","","","","","",
"Nepal","NPL","Contraceptive prevalence, modern methods (% of women ages 15-49)","SP.DYN.CONM.ZS","","","","","","","","","","","","","","","","","2.4","","","","","6.8","","","","","15.1","","","","","","24.1","","","","26","","","","37.1","35.4","","","37.9","","44.2","","","","","43.2","","","47.1","","42.8","",
"Nauru","NRU","Contraceptive prevalence, modern methods (% of women ages 15-49)","SP.DYN.CONM.ZS","","","","","","","","","","","","","","","","","","","","","","","","","","","","","","","","","","","","","","","","","","","","","","","","25.1","","","","","","","","","","",
"New Zealand","NZL","Contraceptive prevalence, modern methods (% of women ages 15-49)","SP.DYN.CONM.ZS","","","","","","","","","","","","","","","","","61.5","","","","","","","","","","","","","","","","","","","72.3","","","","","","","","","","","","","","","","","","","","","","",
"OECD members","OED","Contraceptive prevalence, modern methods (% of women ages 15-49)","SP.DYN.CONM.ZS","","","","","","","","","","","","","","","","","","","","","","","","","","","","","","","59.702288521193","","","","","","","","","","63.6511438573889","","","","","","","","","","","","","","60.9974784822539","","","",
"Oman","OMN","Contraceptive prevalence, modern methods (% of women ages 15-49)","SP.DYN.CONM.ZS","","","","","","","","","","","","","","","","","","","","","","","","","","","","","","7.5","","","","","","18.2","","","","","24.6","","","","","","","","15.3","","","","","","18.8","","","",
"Other small states","OSS","Contraceptive prevalence, modern methods (% of women ages 15-49)","SP.DYN.CONM.ZS","","","","","","","","","","","","","","","","","","","","","","","","","","","","","","","","","","","","","","","","","26.3348891651673","","","","","","","","","","","","","","33.6885500198839","","","",
"Pakistan","PAK","Contraceptive prevalence, modern methods (% of women ages 15-49)","SP.DYN.CONM.ZS","","","","","","","","","","","","","","","","3.9","","","","","","","","","","7.6","","","","","","9","","17.9","","12.6","","16.9","","","","20.2","","25.2","","","18.4","21.7","19.3","","","","","26.1","","","","",
"Panama","PAN","Contraceptive prevalence, modern methods (% of women ages 15-49)","SP.DYN.CONM.ZS","","","","","","","","","","","","","","","","","45.9","","","54.1","","","","","","54.2","","","","","","","","","","","","","","","","","","","","","","","","48.8","","","","60.1","","","","",
"Peru","PER","Contraceptive prevalence, modern methods (% of women ages 15-49)","SP.DYN.CONM.ZS","","","","","","","","","","","10","","","","","","","","11.2","","","17","","","","","23","","","","","","32.8","","","","41.3","","","","50.5","","","","","47.6","47.6","","49.1","50","50.6","51.2","51.8","51.3","52.2","53.3","54.3","",
"Philippines","PHL","Contraceptive prevalence, modern methods (% of women ages 15-49)","SP.DYN.CONM.ZS","","","","","","","","","","","","","","","","","","","16.2","","","","","","","","","","","","","","","24.9","","25.5","30.2","30.9","28.2","32.3","32.1","33.1","35.1","33.3","35","35.9","35.9","","34","","","36.8","","37.6","","","","",
"Palau","PLW","Contraceptive prevalence, modern methods (% of women ages 15-49)","SP.DYN.CONM.ZS","","","","","","","","","","","","","","","","","","","","","","","","","","","","","","","","","","","","","","","","","","","","29.7","","","","","","","","","","","","","","",
"Papua New Guinea","PNG","Contraceptive prevalence, modern methods (% of women ages 15-49)","SP.DYN.CONM.ZS","","","","","","","","","","","","","","","","","","","","","","","","","","","","","","","","","","","","","","19.6","","","","","","","","","","24.3","","","","","","","","","","",
"Poland","POL","Contraceptive prevalence, modern methods (% of women ages 15-49)","SP.DYN.CONM.ZS","","","","","","","","","","","","","13.2","","","","","26.3","","","","","","","","","","","","","","28","","","","","","","","","","","","","","","","","","","","41.2","","","","","","",
"Pre-demographic dividend","PRE","Contraceptive prevalence, modern methods (% of women ages 15-49)","SP.DYN.CONM.ZS","","","","","","","","","","","","","","","","","","","","","","","","","","","","","","","5.49298626512703","","","","","","","","","","12.5723768674596","","","","","","","","","","","","","","21.7065326126281","","","",
"Puerto Rico","PRI","Contraceptive prevalence, modern methods (% of women ages 15-49)","SP.DYN.CONM.ZS","","","","","","","","","50.8","","","","","","55","","57.6","","","","","","62.1","","","","","","","","","","","","","","67.6","","","","","","72.2","","","","","","","","","","","","","","","",
"Korea, Dem. People’s Rep.","PRK","Contraceptive prevalence, modern methods (% of women ages 15-49)","SP.DYN.CONM.ZS","","","","","","","","","","","","","","","","","","","","","","","","","","","","","","","","53","53","","","","","55.8","","","","","58.2","","","","","","","","65.3","","","","76.5","","","",
"Portugal","PRT","Contraceptive prevalence, modern methods (% of women ages 15-49)","SP.DYN.CONM.ZS","","","","","","","","","","","","","","","","","","","","","37.8","","","","","","","","","","","","","","","","","70.4","","","","","","","","","82.5","","","","","","","","67.1","","","",
"Paraguay","PRY","Contraceptive prevalence, modern methods (% of women ages 15-49)","SP.DYN.CONM.ZS","","","","","","","","","","","","","","","","","","23.3","","25.4","","","","","","","","29","","","35.2","","","","","","41.3","","47.5","","","","","","60.5","","","","70.7","","","","","","","","66.5","",
"West Bank and Gaza","PSE","Contraceptive prevalence, modern methods (% of women ages 15-49)","SP.DYN.CONM.ZS","","","","","","","","","","","","","","","","","","","","","","","","","","","","","","","","","","","","","30.7","","","","36.7","","","","37.3","","","38.9","","","44.2","","","","44.1","","","",
"Pacific island small states","PSS","Contraceptive prevalence, modern methods (% of women ages 15-49)","SP.DYN.CONM.ZS","","","","","","","","","","","","","","","","","","","","","","","","","","","","","","","","","","","","","","","","","","","","","","","","","","","","","","","","","","",
"Post-demographic dividend","PST","Contraceptive prevalence, modern methods (% of women ages 15-49)","SP.DYN.CONM.ZS","","","","","","","","","","","","","","","","","","","","","","","","","","","","","","","64.5945999288986","","","","","","","","","","64.1582737307594","","","","","","","","","","","","","","61.641636458419","","","",
"French Polynesia","PYF","Contraceptive prevalence, modern methods (% of women ages 15-49)","SP.DYN.CONM.ZS","","","","","","","","","","","","","","","","","","","","","","","","","","","","","","","","","","","","","","","","","","","","","","","","","","","","","","","","","","",
"Qatar","QAT","Contraceptive prevalence, modern methods (% of women ages 15-49)","SP.DYN.CONM.ZS","","","","","","","","","","","","","","","","","","","","","","","","","","","","28.9","","","","","","","","","","","32.3","","","","","","","","","","","","","","34.4","","","","","",
"Romania","ROU","Contraceptive prevalence, modern methods (% of women ages 15-49)","SP.DYN.CONM.ZS","","","","","","","","","","","","","","","","","","","5.3","","","","","","","","","","","","","","","14.5","","","","","","29.5","","","","","38.2","50.5","","","","","","","","","","","","",
"Russian Federation","RUS","Contraceptive prevalence, modern methods (% of women ages 15-49)","SP.DYN.CONM.ZS","","","","","","","","","","","","","","","","","","","","","","","","","","","","","","","","","","44.4","48.6","47.5","47.1","","","","","","","","53","","","49.8","","","54.4","55","","","","","","",
"Rwanda","RWA","Contraceptive prevalence, modern methods (% of women ages 15-49)","SP.DYN.CONM.ZS","","","","","","","","","","","","","","","","","","","","","","","","0.9","","","","","","","","","12.9","","","","7.1","","","","5.7","","","","","9.7","","","27.1","","45.1","44.5","","","","47.5","","",
"South Asia","SAS","Contraceptive prevalence, modern methods (% of women ages 15-49)","SP.DYN.CONM.ZS","","","","","","","","","","","","","","","","","","","","","","","","","","","","","","","35.9898449264606","","","","","","","","","","39.9568035353658","","","","","","","","","","","","","","45.6415942417298","","","",
"Saudi Arabia","SAU","Contraceptive prevalence, modern methods (% of women ages 15-49)","SP.DYN.CONM.ZS","","","","","","","","","","","","","","","","","","","","","","","","","","","","","","","","","","","","","28.5","28.5","","","","","","","","","","","","","","","","","","","20.8","",
"Sudan","SDN","Contraceptive prevalence, modern methods (% of women ages 15-49)","SP.DYN.CONM.ZS","","","","","","","","","","","","","","","","","","","","3.9","","","","","","","","","","","5.5","","","6.9","","","","","","5.4","","","","","","","9","","","","","","","","11.7","","","",
"Senegal","SEN","Contraceptive prevalence, modern methods (% of women ages 15-49)","SP.DYN.CONM.ZS","","","","","","","","","","","","","","","","","","","0.6","","","","","","","","2.4","","","","","","","4.8","","","","8.1","","8.2","","","","","","10.3","","","","","","12.1","","16.1","20.4","21.2","23.1","",
"Singapore","SGP","Contraceptive prevalence, modern methods (% of women ages 15-49)","SP.DYN.CONM.ZS","","","","","","","","","","","","","","52.8","","","","62.8","","","","","58.8","","","","","53","","","","","52","","","","","55","","","","","","","","","","","","","","","","","","","","",
"Solomon Islands","SLB","Contraceptive prevalence, modern methods (% of women ages 15-49)","SP.DYN.CONM.ZS","","","","","","","","","","","","","","","","","","","","","","","","","","","","","","","","","","","","","","","","","","","","","","","","27.4","","","","","","","","24.3","","",
"Sierra Leone","SLE","Contraceptive prevalence, modern methods (% of women ages 15-49)","SP.DYN.CONM.ZS","","","","","","","","","","","","","","","","","","","","","","","","","","","","","","","","","2.4","","","","","","","","3.9","","","","","4.9","","","6.7","","10","","","15.6","","","","",
"El Salvador","SLV","Contraceptive prevalence, modern methods (% of women ages 15-49)","SP.DYN.CONM.ZS","","","","","","","","","","","","","","","","20","","","32.3","","","","","","","44.5","","","43.5","","","","","48.4","","","","","54.7","","","","","61.7","","","","","66.1","","","","","","68","","","",
"San Marino","SMR","Contraceptive prevalence, modern methods (% of women ages 15-49)","SP.DYN.CONM.ZS","","","","","","","","","","","","","","","","","","","","","","","","","","","","","","","","","","","","","","","","","","","","","","","","","","","","","","","","","","",
"Somalia","SOM","Contraceptive prevalence, modern methods (% of women ages 15-49)","SP.DYN.CONM.ZS","","","","","","","","","","","","","","","","","","","","","","","","","","","","","","","","","","","","","","","","7.8","","","","","","","14","","","","","","","","","","","",
"Serbia","SRB","Contraceptive prevalence, modern methods (% of women ages 15-49)","SP.DYN.CONM.ZS","","","","","","","","","","","3.7","","","","","","","","","","","","","","","","","","","","","","","","","","","","","","33","","","","","","18.9","","","","22.3","","","","18.4","","","",
"Sub-Saharan Africa (excluding high income)","SSA","Contraceptive prevalence, modern methods (% of women ages 15-49)","SP.DYN.CONM.ZS","","","","","","","","","","","","","","","","","","","","","","","","","","","","","","","10.7175132767151","","","","","","","","","","16.0378159026828","","","","","","","","","","","","","","26.2659361464786","","","",
"South Sudan","SSD","Contraceptive prevalence, modern methods (% of women ages 15-49)","SP.DYN.CONM.ZS","","","","","","","","","","","","","","","","","","","","","","","","","","","","","","","","","","","","","","","","","","","","","","","3.3","","","","1.7","","","","","","","",
"Sub-Saharan Africa","SSF","Contraceptive prevalence, modern methods (% of women ages 15-49)","SP.DYN.CONM.ZS","","","","","","","","","","","","","","","","","","","","","","","","","","","","","","","10.7175132767151","","","","","","","","","","16.0378159026828","","","","","","","","","","","","","","26.2659361464786","","","",
"Small states","SST","Contraceptive prevalence, modern methods (% of women ages 15-49)","SP.DYN.CONM.ZS","","","","","","","","","","","","","","","","","","","","","","","","","","","","","","","","","","","","","","","","","27.8883770644634","","","","","","","","","","","","","","38.1732635488264","","","",
"Sao Tome and Principe","STP","Contraceptive prevalence, modern methods (% of women ages 15-49)","SP.DYN.CONM.ZS","","","","","","","","","","","","","","","","","","","","","","","","","","","","","","","","","","","","","","","","","28","","","","","","28.5","","","33.7","","","","","37.4","","","",
"Suriname","SUR","Contraceptive prevalence, modern methods (% of women ages 15-49)","SP.DYN.CONM.ZS","","","","","","","","","","","","","","","","","","","","","","","","","","","","","","","","","46.6","","","","","","","","40.7","","","","","","45","","","","47.2","","","","","","","",
"Slovak Republic","SVK","Contraceptive prevalence, modern methods (% of women ages 15-49)","SP.DYN.CONM.ZS","","","","","","","","","","","","","","","","","","","","","","","","","","","","","","","","41","","","","","","65.6","","","","","","","","","","","","","","","","","","","","",
"Slovenia","SVN","Contraceptive prevalence, modern methods (% of women ages 15-49)","SP.DYN.CONM.ZS","","","","","","","","","","","14.2","","","","","","","","","","","","","","","","","","","","","","","","","63.2","","","","","","","","","","","","","","","","","","","","","","",
"Sweden","SWE","Contraceptive prevalence, modern methods (% of women ages 15-49)","SP.DYN.CONM.ZS","","","","","","","","","","","","","","","","","","","","","","72","","","","","","","","","","","","","","","64.8","","","","","","","","","","","","","","","","","","","","","",
"Eswatini","SWZ","Contraceptive prevalence, modern methods (% of women ages 15-49)","SP.DYN.CONM.ZS","","","","","","","","","","","","","","","","","","","","","","","","","","","","","","17.1","","","","","","","","","","","26.1","","38.6","","","","","47.7","","","63.1","","","","65.5","","","",
"Sint Maarten (Dutch part)","SXM","Contraceptive prevalence, modern methods (% of women ages 15-49)","SP.DYN.CONM.ZS","","","","","","","","","","","","","","","","","","","","","","","","","","","","","","","","","","","","","","","","","","","","","","","","","","","","","","","","","","",
"Seychelles","SYC","Contraceptive prevalence, modern methods (% of women ages 15-49)","SP.DYN.CONM.ZS","","","","","","","","","","","","","","","","","","","","","","","","","","","","","","","","","","","","","","","","","","","","","","","","","","","","","","","","","","",
"Syrian Arab Republic","SYR","Contraceptive prevalence, modern methods (% of women ages 15-49)","SP.DYN.CONM.ZS","","","","","","","","","","","","","","","","","","","22.4","","","","","","","","","","","","","","","28.3","","","","","","","","35.1","","","","","46.6","","","","37.5","","","","","","","",
"Turks and Caicos Islands","TCA","Contraceptive prevalence, modern methods (% of women ages 15-49)","SP.DYN.CONM.ZS","","","","","","","","","","","","","","","","","","","","","","","","","","","","","","","","","","","","","","","","","","","","","","","","","","","","","","","","","","",
"Chad","TCD","Contraceptive prevalence, modern methods (% of women ages 15-49)","SP.DYN.CONM.ZS","","","","","","","","","","","","","","","","","","","","","","","","","","","","","","","","","","","","","","1.2","","","6.4","","","","1.7","","","","","","4.5","","","","","5","","",
"East Asia & Pacific (IDA & IBRD countries)","TEA","Contraceptive prevalence, modern methods (% of women ages 15-49)","SP.DYN.CONM.ZS","","","","","","","","","","","","","","","","","","","","","","","","","","","","","","","74.3473666791588","","","","","","","","","","76.338943037189","","","","","","","","","","","","","","","","","",
"Europe & Central Asia (IDA & IBRD countries)","TEC","Contraceptive prevalence, modern methods (% of women ages 15-49)","SP.DYN.CONM.ZS","","","","","","","","","","","","","","","","","","","","","","","","","","","","","","","","","","","","","","","","","","","","","","","","","","","","","","","47.7751681265511","","","",
"Togo","TGO","Contraceptive prevalence, modern methods (% of women ages 15-49)","SP.DYN.CONM.ZS","","","","","","","","","","","","","","","","","","","","","","","","","","","","","3.1","","","","","","","","","","7","","13.3","","","","","","11.6","","","","13.7","","","","17.3","","","",
"Thailand","THA","Contraceptive prevalence, modern methods (% of women ages 15-49)","SP.DYN.CONM.ZS","","","","","","","","","","","14.8","","","25.7","","33.9","","","49.3","","","56.3","","","62","","","63.6","","64.2","","","","72.2","","","73.8","69.8","","","","76.1","","","","","70.1","","","77.5","","","76.9","","","","75.5","",
"Tajikistan","TJK","Contraceptive prevalence, modern methods (% of women ages 15-49)","SP.DYN.CONM.ZS","","","","","","","","","","","","","","","","","","","","","","","","","","","","","","","","","","","","","","","","","28.3","","","","","36.2","","31.7","","","","","25.8","","","","","",
"Turkmenistan","TKM","Contraceptive prevalence, modern methods (% of women ages 15-49)","SP.DYN.CONM.ZS","","","","","","","","","","","","","","","","","","","","","","","","","","","","","","","","","","","","","","","","","53.1","","","","","","46.9","","","","","","","","","","47.1","",
"Latin America & the Caribbean (IDA & IBRD countries)","TLA","Contraceptive prevalence, modern methods (% of women ages 15-49)","SP.DYN.CONM.ZS","","","","","","","","","","","","","","","","","","","","","","","","","","","","","","","","","","","","","","","","","","","","","","","","","","","","","","","69.9403472422982","","","",
"Timor-Leste","TLS","Contraceptive prevalence, modern methods (% of women ages 15-49)","SP.DYN.CONM.ZS","","","","","","","","","","","","","","","","","","","","","","","","","","","","","","","","20.4","","","20.7","","","25.1","","","","6.6","","8.6","","","","15.8","","","21.1","","","","","","23.7","",
"Middle East & North Africa (IDA & IBRD countries)","TMN","Contraceptive prevalence, modern methods (% of women ages 15-49)","SP.DYN.CONM.ZS","","","","","","","","","","","","","","","","","","","","","","","","","","","","","","","34.0740636157159","","","","","","","","","","50.9916092036009","","","","","","","","","","","","","","50.6318202878129","","","",
"Tonga","TON","Contraceptive prevalence, modern methods (% of women ages 15-49)","SP.DYN.CONM.ZS","","","","","","","","","","","","","","","","","","","","","","","","","","","","","","","","","","","","","","","","","","","","","","","","","","","","","28.4","","","","","",
"South Asia (IDA & IBRD)","TSA","Contraceptive prevalence, modern methods (% of women ages 15-49)","SP.DYN.CONM.ZS","","","","","","","","","","","","","","","","","","","","","","","","","","","","","","","35.9898449264606","","","","","","","","","","39.9568035353658","","","","","","","","","","","","","","45.6415942417298","","","",
"Sub-Saharan Africa (IDA & IBRD countries)","TSS","Contraceptive prevalence, modern methods (% of women ages 15-49)","SP.DYN.CONM.ZS","","","","","","","","","","","","","","","","","","","","","","","","","","","","","","","10.7175132767151","","","","","","","","","","16.0378159026828","","","","","","","","","","","","","","26.2659361464786","","","",
"Trinidad and Tobago","TTO","Contraceptive prevalence, modern methods (% of women ages 15-49)","SP.DYN.CONM.ZS","","","","","","","","","","","","36.5","","","","","","53.4","","","","","","","","","","44.4","","","","","","","","","","","","","33.3","","","","","","38.1","","","","","37.6","","","","","","",
"Tunisia","TUN","Contraceptive prevalence, modern methods (% of women ages 15-49)","SP.DYN.CONM.ZS","","","","","","","","","","","","","","","","","","","24.7","","","","","34.2","","","","","40.4","","","","","","","51","","","","","57.7","53.1","","","","","51.5","","","","","","50.9","","","","","",
"Turkey","TUR","Contraceptive prevalence, modern methods (% of women ages 15-49)","SP.DYN.CONM.ZS","","","","6.7","","","","","9.3","","","","","11.4","","","","","17.8","","","","","22.4","","","","","31.1","","","","","34.5","","","","","37.7","","","","","42.5","43.1","","","","46","","","","","47.4","","","","",
"Tuvalu","TUV","Contraceptive prevalence, modern methods (% of women ages 15-49)","SP.DYN.CONM.ZS","","","","","","","","","","","","","","","","","","","","","","","","","","","","","","","","","","","","","","","","","","","","","","","","22.4","","","","","","","","","","",
"Tanzania","TZA","Contraceptive prevalence, modern methods (% of women ages 15-49)","SP.DYN.CONM.ZS","","","","","","","","","","","","","","","","","","","","","","","","","","","","","","","","","6.6","","13.1","","13.3","","","18.8","","","","","23.4","20","","","","","27.4","","","","","","32","",
"Uganda","UGA","Contraceptive prevalence, modern methods (% of women ages 15-49)","SP.DYN.CONM.ZS","","","","","","","","","","","","","","","","","","","","","","","","","","","","","","2.5","","","","","","7.8","","","","","","18.2","","","","18.7","17.9","","","","","26","","","25.3","29.5","32.2","33.9",
"Ukraine","UKR","Contraceptive prevalence, modern methods (% of women ages 15-49)","SP.DYN.CONM.ZS","","","","","","","","","","","","","","","","","","","","","","","","","","","","","","","","","","","","","","","","37.6","","","","","","58.5","","47.5","","","","","47.8","","","","","",
"Upper middle income","UMC","Contraceptive prevalence, modern methods (% of women ages 15-49)","SP.DYN.CONM.ZS","","","","","","","","","","","","","","","","","","","","","","","","","","","","","","","73.3345105834507","","","","","","","","","","76.4229442438111","","","","","","","","","","","","","","","","","",
"Uruguay","URY","Contraceptive prevalence, modern methods (% of women ages 15-49)","SP.DYN.CONM.ZS","","","","","","","","","","","","","","","","","","","","","","","","","","","72.4","","","","","","","","","","","","","","","","","","74.8","","","","","","","","","","","78.3","","",
"United States","USA","Contraceptive prevalence, modern methods (% of women ages 15-49)","SP.DYN.CONM.ZS","","","","","","49.1","","","","","56.8","","","63.5","","73.2","60.5","","","","","","64","","","","","","69.1","","66.6","","","","","70.5","","","","","","","68.1","","","","","71.6","71.6","","70.4","","70.1","","63.1","","","",
"Uzbekistan","UZB","Contraceptive prevalence, modern methods (% of women ages 15-49)","SP.DYN.CONM.ZS","","","","","","","","","","","","","","","","","","","","","","","","","","","","","","","","","","","","","51.3","","","","63.6","","62.8","","","","61.9","","","","","","","","","","","",
"St. Vincent and the Grenadines","VCT","Contraceptive prevalence, modern methods (% of women ages 15-49)","SP.DYN.CONM.ZS","","","","","","","","","","","","","","","","","","","","","","51.6","","","","","","","55.9","","","","","","","","","","","","","","","","","","","","","","","","","","","","","",
"Venezuela, RB","VEN","Contraceptive prevalence, modern methods (% of women ages 15-49)","SP.DYN.CONM.ZS","","","","","","","","","","","","","","","","","","46.1","","","","","","","","","","","","","","","","54.5","","","","","61.7","","","","","","","","","","","","","","","","","","","",
"British Virgin Islands","VGB","Contraceptive prevalence, modern methods (% of women ages 15-49)","SP.DYN.CONM.ZS","","","","","","","","","","","","","","","","","","","","","","","","","","","","","","","","","","","","","","","","","","","","","","","","","","","","","","","","","","",
"Virgin Islands (U.S.)","VIR","Contraceptive prevalence, modern methods (% of women ages 15-49)","SP.DYN.CONM.ZS","","","","","","","","","","","","","","","","","","","","","","","","","","","","","","","","","","","","","","","","","","","72.6","","","","","","","","","","","","","","","",
"Vietnam","VNM","Contraceptive prevalence, modern methods (% of women ages 15-49)","SP.DYN.CONM.ZS","","","","","","","","","","","","","","","","","","","","","","","","","","","","","37.7","","","","","","43.8","","","55.8","57.9","","56.2","61.1","56.7","63.5","64.6","65.7","61","68.2","68.8","","67.5","60","66.6","67.1","57","65","","",
"Vanuatu","VUT","Contraceptive prevalence, modern methods (% of women ages 15-49)","SP.DYN.CONM.ZS","","","","","","","","","","","","","","","","","","","","","","","","","20.8","","","","","","","","","","","32.1","","","","","","","","","","","","37","","","","","","37.1","","","","",
"World","WLD","Contraceptive prevalence, modern methods (% of women ages 15-49)","SP.DYN.CONM.ZS","","","","","","","","","","","","","","","","","","","","","","","","","","","","","","","53.4595910833323","","","","","","","","","","55.3120090273359","","","","","","","","","","","","","","49.4010701430875","","","",
"Samoa","WSM","Contraceptive prevalence, modern methods (% of women ages 15-49)","SP.DYN.CONM.ZS","","","","","","","","","","","","","","","","","","","","","","","","","","","","","","","","","","","","","","","23.2","","","","","","","","","","","26.7","","","","","24.3","","","",
"Kosovo","XKX","Contraceptive prevalence, modern methods (% of women ages 15-49)","SP.DYN.CONM.ZS","","","","","","","","","","","","","","","","","","","","","","","","","","","","","","","","","","","","","","","","","","","","","","","","","","","","","","","","","","",
"Yemen, Rep.","YEM","Contraceptive prevalence, modern methods (% of women ages 15-49)","SP.DYN.CONM.ZS","","","","","","","","","","","","","","","","","","","","1.6","","","","","","","","","","","","","6.1","","","","","9.8","","","","","","13.4","","","25","","","","","","","29.2","","","","",
"South Africa","ZAF","Contraceptive prevalence, modern methods (% of women ages 15-49)","SP.DYN.CONM.ZS","","","","","","","","","","","","","","","","","","","","","","","","","","","","","48.4","48.4","","","","","","","","","55.1","","","","","","59.8","","","","","","","","","","","","54","",
"Zambia","ZMB","Contraceptive prevalence, modern methods (% of women ages 15-49)","SP.DYN.CONM.ZS","","","","","","","","","","","","","","","","","","","","","","","","","","","","","","","","","8.9","","","","14.4","14.4","","18.5","","","25.3","","","","","32.7","","","","","","","44.8","","","",
"Zimbabwe","ZWE","Contraceptive prevalence, modern methods (% of women ages 15-49)","SP.DYN.CONM.ZS","","","","","","","","","","","","","","","","","","","","","","","","","26.6","","","","36.1","36.1","","","","","42.2","","","","","50.4","","","","","","","58.4","","","63","","57.3","","","66.5","65.8","","",
